https://climatecasechart.com/case/alliance-for-the-wild-rockies-v-us-forest-service-2/,post-69276
https://climatecasechart.com/case/standing-trees-inc-v-us-forest-service/,post-69267
https://climatecasechart.com/case/iowa-v-council-on-environmental-quality/,post-68858
https://climatecasechart.com/case/friends-of-the-earth-v-granholm/,post-68441
https://climatecasechart.com/case/sierra-club-v-federal-energy-regulatory-commission-8/,post-68311
https://climatecasechart.com/case/falkirk-mining-co-v-us-department-of-the-interior/,post-67024
https://climatecasechart.com/case/john-muir-project-of-earth-island-institute-v-us-forest-service/,post-67011
https://climatecasechart.com/case/sierra-club-v-tennessee-valley-authority/,post-66949
https://climatecasechart.com/case/national-wildlife-refuge-association-v-rural-utilities-service-2/,post-66939
https://climatecasechart.com/case/salt-lake-city-corp-v-shepherd/,post-66933
https://climatecasechart.com/case/signal-peak-energy-llc-v-haaland/,post-46346
https://climatecasechart.com/case/sierra-club-v-us-forest-service/,post-45290
https://climatecasechart.com/case/chattooga-conservancy-v-us-department-of-agriculture/,post-45003
https://climatecasechart.com/case/american-petroleum-institute-v-department-of-the-interior/,post-44551
https://climatecasechart.com/case/jurisich-oysters-llc-v-us-army-corps-of-engineers/,post-42901
https://climatecasechart.com/case/green-oceans-v-us-department-of-the-interior/,post-42898
https://climatecasechart.com/case/oregon-natural-desert-association-v-us-department-of-the-air-force/,post-42895
https://climatecasechart.com/case/columbia-riverkeeper-v-federal-energy-regulatory-commission/,post-42883
https://climatecasechart.com/case/southern-utah-wilderness-alliance-v-us-department-of-the-interior/,post-22713
https://climatecasechart.com/case/willamette-riverkeeper-v-teitzel/,post-22710
https://climatecasechart.com/case/alliance-for-the-wild-rockies-v-us-forest-service-2/,post-69276
https://climatecasechart.com/case/standing-trees-inc-v-us-forest-service/,post-69267
https://climatecasechart.com/case/iowa-v-council-on-environmental-quality/,post-68858
https://climatecasechart.com/case/friends-of-the-earth-v-granholm/,post-68441
https://climatecasechart.com/case/sierra-club-v-federal-energy-regulatory-commission-8/,post-68311
https://climatecasechart.com/case/falkirk-mining-co-v-us-department-of-the-interior/,post-67024
https://climatecasechart.com/case/john-muir-project-of-earth-island-institute-v-us-forest-service/,post-67011
https://climatecasechart.com/case/sierra-club-v-tennessee-valley-authority/,post-66949
https://climatecasechart.com/case/national-wildlife-refuge-association-v-rural-utilities-service-2/,post-66939
https://climatecasechart.com/case/salt-lake-city-corp-v-shepherd/,post-66933
https://climatecasechart.com/case/signal-peak-energy-llc-v-haaland/,post-46346
https://climatecasechart.com/case/sierra-club-v-us-forest-service/,post-45290
https://climatecasechart.com/case/chattooga-conservancy-v-us-department-of-agriculture/,post-45003
https://climatecasechart.com/case/american-petroleum-institute-v-department-of-the-interior/,post-44551
https://climatecasechart.com/case/jurisich-oysters-llc-v-us-army-corps-of-engineers/,post-42901
https://climatecasechart.com/case/green-oceans-v-us-department-of-the-interior/,post-42898
https://climatecasechart.com/case/oregon-natural-desert-association-v-us-department-of-the-air-force/,post-42895
https://climatecasechart.com/case/columbia-riverkeeper-v-federal-energy-regulatory-commission/,post-42883
https://climatecasechart.com/case/southern-utah-wilderness-alliance-v-us-department-of-the-interior/,post-22713
https://climatecasechart.com/case/willamette-riverkeeper-v-teitzel/,post-22710
https://climatecasechart.com/case/county-of-cape-may-v-united-states/,post-21771
https://climatecasechart.com/case/golden-gate-village-resident-council-v-county-of-marin/,post-21077
https://climatecasechart.com/case/cascadia-wildlands-v-us-bureau-of-land-management/,post-21063
https://climatecasechart.com/case/desert-protection-society-v-haaland/,post-20959
https://climatecasechart.com/case/snider-v-biden/,post-20509
https://climatecasechart.com/case/klamath-forest-alliance-v-us-forest-service/,post-20422
https://climatecasechart.com/case/healthy-gulf-v-haaland-2/,post-20395
https://climatecasechart.com/case/center-for-biological-diversity-v-us-department-of-energy/,post-20389
https://climatecasechart.com/case/healthy-gulf-v-federal-energy-regulatory-commission/,post-20375
https://climatecasechart.com/case/center-for-biological-diversity-v-us-forest-service/,post-20310
https://climatecasechart.com/case/city-of-port-isabel-v-federal-energy-regulatory-commission-2/,post-19831
https://climatecasechart.com/case/city-of-port-isabel-v-federal-energy-regulatory-commission/,post-19828
https://climatecasechart.com/case/appalachian-voices-v-tennessee-valley-authority/,post-19602
https://climatecasechart.com/case/center-for-biological-diversity-v-us-bureau-of-land-management-6/,post-19593
https://climatecasechart.com/case/oregon-wild-v-us-forest-service-2/,post-19590
https://climatecasechart.com/case/one-hundred-miles-v-us-army-corps-of-engineers/,post-19575
https://climatecasechart.com/case/center-for-biological-diversity-v-federal-aviation-administration/,post-19406
https://climatecasechart.com/case/kettle-range-conservation-group-v-smolden/,post-19399
https://climatecasechart.com/case/louisiana-v-mayorkas/,post-19382
https://climatecasechart.com/case/save-long-beach-island-v-us-department-of-commerce/,post-19201
https://climatecasechart.com/case/friends-of-newport-harbor-v-us-army-corps-of-engineers/,post-19198
https://climatecasechart.com/case/association-of-village-council-presidents-v-national-marine-fisheries-service/,post-19195
https://climatecasechart.com/case/comite-dialogo-ambiental-v-federal-emergency-management-agency/,post-19184
https://climatecasechart.com/case/ohio-environmental-council-v-us-forest-service/,post-19146
https://climatecasechart.com/case/county-of-mohave-v-us-bureau-of-reclamation/,post-19140
https://climatecasechart.com/case/healthy-gulf-v-haaland/,post-19024
https://climatecasechart.com/case/alliance-of-the-southeast-v-us-army-corps-of-engineers/,post-19016
https://climatecasechart.com/case/new-jersey-conservation-foundation-v-federal-energy-regulatory-commission/,post-19000
https://climatecasechart.com/case/monroe-county-board-of-commissioners-v-us-forest-service-2/,post-18956
https://climatecasechart.com/case/sovereign-inupiat-for-a-living-arctic-v-bureau-of-land-management-2/,post-18949
https://climatecasechart.com/case/alabama-municipal-distributors-group-v-federal-energy-regulatory-commission/,post-18921
https://climatecasechart.com/case/wildearth-guardians-v-bucknall/,post-18844
https://climatecasechart.com/case/center-for-biological-diversity-v-haaland-9/,post-18829
https://climatecasechart.com/case/citizens-for-clean-air-clean-water-in-brazoria-county-v-us-department-of-transportation/,post-18620
https://climatecasechart.com/case/citizens-caring-for-the-future-v-haaland/,post-18617
https://climatecasechart.com/case/cook-inletkeeper-v-us-department-of-the-interior/,post-18457
https://climatecasechart.com/case/cana-foundation-v-us-department-of-interior/,post-18378
https://climatecasechart.com/case/dont-cage-our-oceans-v-us-army-corps-of-engineers/,post-18345
https://climatecasechart.com/case/kinsella-v-bureau-of-ocean-energy-management/,post-18298
https://climatecasechart.com/case/dine-citizens-against-ruining-the-environment-v-us-bureau-of-land-management/,post-18086
https://climatecasechart.com/case/powder-river-basin-resource-council-v-us-department-of-the-interior/,post-17925
https://climatecasechart.com/case/cascadia-wildlands-v-adcock/,post-17922
https://climatecasechart.com/case/sierra-club-v-federal-energy-regulatory-commission-7/,post-17913
https://climatecasechart.com/case/sierra-club-v-federal-energy-regulatory-commission-6/,post-17910
https://climatecasechart.com/case/el-puente-v-us-army-corps-of-engineers/,post-17720
https://climatecasechart.com/case/south-carolina-coastal-conservation-league-v-us-army-corps-of-engineers/,post-17717
https://climatecasechart.com/case/sierra-club-v-bureau-of-land-management/,post-17714
https://climatecasechart.com/case/food-water-watch-v-federal-energy-regulatory-commission-2/,post-17711
https://climatecasechart.com/case/washington-v-us-department-of-the-navy/,post-17707
https://climatecasechart.com/case/allco-renewable-energy-ltd-v-haaland-south-fork-wind/,post-17626
https://climatecasechart.com/case/concerned-friends-of-the-winema-v-mckay/,post-17562
https://climatecasechart.com/case/delaware-riverkeeper-network-v-federal-energy-regulatory-commission-2/,post-17552
https://climatecasechart.com/case/sierra-club-v-hoffman/,post-17341
https://climatecasechart.com/case/greater-hells-canyon-council-v-wilkes/,post-17337
https://climatecasechart.com/case/center-for-biological-diversity-v-us-department-of-the-interior-2/,post-17328
https://climatecasechart.com/case/rethink35-v-texas-department-of-transportation/,post-17322
https://climatecasechart.com/case/wilderness-society-v-haaland/,post-17319
https://climatecasechart.com/case/dakota-resource-council-v-us-department-of-the-interior/,post-17316
https://climatecasechart.com/case/national-parks-conservation-association-v-federal-aviation-administration/,post-16850
https://climatecasechart.com/case/san-antonio-bay-estuarine-waterkeeper-v-connor/,post-16847
https://climatecasechart.com/case/st-johns-riverkeeper-v-us-army-corps-of-engineers/,post-16611
https://climatecasechart.com/case/california-v-us-postal-service/,post-16542
https://climatecasechart.com/case/natural-resources-defense-council-inc-v-dejoy/,post-16539
https://climatecasechart.com/case/cleanairnow-v-dejoy/,post-16535
https://climatecasechart.com/case/aqualliance-v-us-bureau-of-reclamation-3/,post-16236
https://climatecasechart.com/case/cottonwood-environmental-law-center-v-erickson/,post-15875
https://climatecasechart.com/case/eagle-county-v-surface-transportation-board/,post-15865
https://climatecasechart.com/case/sierra-club-v-federal-energy-regulatory-commission-5/,post-15661
https://climatecasechart.com/case/waterkeepers-chesapeake-v-federal-energy-regulatory-commission/,post-15575
https://climatecasechart.com/case/resource-renewal-institute-v-national-park-service-2/,post-15414
https://climatecasechart.com/case/responsible-offshore-development-alliance-v-us-department-of-the-interior/,post-15400
https://climatecasechart.com/case/idaho-conservation-league-v-us-forest-service-2/,post-15234
https://climatecasechart.com/case/oneil-v-steele/,post-15171
https://climatecasechart.com/case/wildlands-defense-v-brummett/,post-15087
https://climatecasechart.com/case/san-luis-valley-ecosystem-council-v-dallas/,post-15069
https://climatecasechart.com/case/defenders-of-wildlife-v-us-forest-service/,post-15066
https://climatecasechart.com/case/clark-v-haaland/,post-15063
https://climatecasechart.com/case/center-for-biological-diversity-v-us-bureau-of-land-management-5/,post-14560
https://climatecasechart.com/case/aqualliance-v-us-bureau-of-reclamation-2/,post-14501
https://climatecasechart.com/case/indigenous-peoples-of-the-coastal-bend-v-us-army-corps-of-engineers/,post-14413
https://climatecasechart.com/case/cape-fear-river-watch-v-us-army-corps-of-engineers/,post-14410
https://climatecasechart.com/case/american-petroleum-institute-v-us-department-of-the-interior/,post-14388
https://climatecasechart.com/case/aqualliance-v-us-fish-wildlife-service/,post-14382
https://climatecasechart.com/case/ack-residents-against-turbines-v-us-bureau-of-ocean-energy-management/,post-14379
https://climatecasechart.com/case/friends-of-the-earth-v-haaland/,post-14376
https://climatecasechart.com/case/protect-our-aquifer-v-tennessee-valley-authority/,post-14329
https://climatecasechart.com/case/western-watersheds-project-v-us-bureau-of-land-management/,post-14283
https://climatecasechart.com/case/north-dakota-v-us-department-of-the-interior/,post-14270
https://climatecasechart.com/case/allco-renewable-energy-ltd-v-haaland/,post-14252
https://climatecasechart.com/case/living-rivers-v-hoffman-2/,post-14062
https://climatecasechart.com/case/citizens-for-a-healthy-community-v-us-department-of-interior/,post-13990
https://climatecasechart.com/case/safe-skies-clean-water-wisconsin-inc-v-us-air-force/,post-13761
https://climatecasechart.com/case/harris-county-v-texas-department-of-transportation/,post-13758
https://climatecasechart.com/case/center-for-biological-diversity-v-us-bureau-of-land-management-4/,post-13725
https://climatecasechart.com/case/memphis-community-against-pollution-inc-v-us-army-corps-of-engineers/,post-13715
https://climatecasechart.com/case/wildearth-guardians-v-wehner/,post-13635
https://climatecasechart.com/case/no-more-freeways-v-us-department-of-transportation/,post-13571
https://climatecasechart.com/case/friends-of-cedar-mesa-v-department-of-the-interior/,post-13568
https://climatecasechart.com/case/arizona-v-mayorkas/,post-13565
https://climatecasechart.com/case/texas-against-high-speed-rail-inc-v-us-department-of-transportation/,post-13562
https://climatecasechart.com/case/protect-our-parks-inc-v-buttigieg/,post-13558
https://climatecasechart.com/case/louisiana-v-biden/,post-13535
https://climatecasechart.com/case/friends-of-the-clearwater-v-probert/,post-13523
https://climatecasechart.com/case/center-for-biological-diversity-v-scott/,post-13518
https://climatecasechart.com/case/national-wildlife-refuge-association-v-rural-utilities-service/,post-13327
https://climatecasechart.com/case/western-organization-of-resource-councils-v-us-bureau-of-land-management-2/,post-13219
https://climatecasechart.com/case/clinch-coalition-v-us-forest-service/,post-13159
https://climatecasechart.com/case/wildearth-guardians-v-us-bureau-of-land-management-2/,post-13156
https://climatecasechart.com/case/western-watersheds-project-v-perdue/,post-13148
https://climatecasechart.com/case/conservation-council-for-hawaii-v-bernhardt/,post-13145
https://climatecasechart.com/case/california-v-bernhardt-2/,post-13142
https://climatecasechart.com/case/wildearth-guardians-v-bernhardt-7/,post-13135
https://climatecasechart.com/case/friends-of-the-headwaters-v-us-army-corps-of-engineers/,post-13128
https://climatecasechart.com/case/western-energy-alliance-v-biden/,post-13125
https://climatecasechart.com/case/indigenous-environmental-network-v-us-bureau-of-land-management/,post-12994
https://climatecasechart.com/case/shoshone-bannock-tribes-of-fort-hall-reservation-v-hammond/,post-12991
https://climatecasechart.com/case/safe-skies-clean-water-wisconsin-inc-v-national-guard-bureau/,post-12988
https://climatecasechart.com/case/national-association-for-the-advancement-of-colored-people-erie-unit-2262-v-federal-highway-administration/,post-12985
https://climatecasechart.com/case/center-for-biological-diversity-v-us-bureau-of-land-management-3/,post-12982
https://climatecasechart.com/case/organized-village-of-kake-v-perdue/,post-12971
https://climatecasechart.com/case/red-lake-band-of-chippewa-indians-v-us-army-corps-of-engineers/,post-12957
https://climatecasechart.com/case/southern-utah-wilderness-alliance-v-bernhardt/,post-12922
https://climatecasechart.com/case/sovereign-inupiat-for-a-living-arctic-v-bureau-of-land-management/,post-12860
https://climatecasechart.com/case/rosebud-sioux-tribe-v-us-department-of-the-interior/,post-12857
https://climatecasechart.com/case/hayes-v-bernhardt/,post-12804
https://climatecasechart.com/case/alliance-for-the-wild-rockies-v-us-forest-service/,post-12793
https://climatecasechart.com/case/environmental-defense-fund-v-federal-energy-regulatory-commission/,post-12731
https://climatecasechart.com/case/sierra-club-v-us-army-corps-of-engineers/,post-12645
https://climatecasechart.com/case/washington-v-bernhardt/,post-12525
https://climatecasechart.com/case/western-slope-conservation-center-v-us-bureau-of-land-management/,post-12520
https://climatecasechart.com/case/iowa-citizens-for-community-improvement-v-council-on-environmental-quality/,post-12513
https://climatecasechart.com/case/center-for-biological-diversity-v-federal-energy-regulatory-commission/,post-12484
https://climatecasechart.com/case/swomley-v-schroyer/,post-12454
https://climatecasechart.com/case/optimus-steel-llc-v-us-army-corps-of-engineers/,post-12409
https://climatecasechart.com/case/citizens-for-a-healthy-community-v-us-bureau-of-land-management-2/,post-12180
https://climatecasechart.com/case/gwichin-steering-committee-v-bernhardt/,post-12176
https://climatecasechart.com/case/national-audubon-society-v-bernhardt-2/,post-12171
https://climatecasechart.com/case/sierra-club-v-us-department-of-transportation/,post-12164
https://climatecasechart.com/case/lower-san-pedro-watershed-alliance-v-barta/,post-12019
https://climatecasechart.com/case/national-audubon-society-v-bernhardt/,post-11970
https://climatecasechart.com/case/backcountry-against-dumps-v-us-bureau-of-indian-affairs/,post-11967
https://climatecasechart.com/case/dine-citizens-against-ruining-our-environment-v-us-bureau-of-land-management/,post-11964
https://climatecasechart.com/case/little-rock-downtown-neighborhood-association-inc-v-federal-highway-administration/,post-11961
https://climatecasechart.com/case/bold-alliance-v-us-department-of-the-interior/,post-11958
https://climatecasechart.com/case/cottonwood-environmental-law-center-v-marten/,post-11951
https://climatecasechart.com/case/northern-alaska-environmental-center-v-bernhardt/,post-11926
https://climatecasechart.com/case/friends-of-the-earth-v-us-nuclear-regulatory-commission/,post-11905
https://climatecasechart.com/case/environmental-justice-health-alliance-v-council-on-environmental-quality/,post-11902
https://climatecasechart.com/case/wild-virginia-v-council-on-environmental-quality/,post-11899
https://climatecasechart.com/case/alaska-community-action-on-toxics-v-council-on-environmental-quality/,post-11896
https://climatecasechart.com/case/animal-legal-defense-fund-v-azar/,post-11747
https://climatecasechart.com/case/aqualliance-v-us-bureau-of-reclamation/,post-11585
https://climatecasechart.com/case/monroe-county-board-of-commissioners-v-us-forest-service/,post-11575
https://climatecasechart.com/case/center-for-biological-diversity-v-us-bureau-of-reclamation/,post-11567
https://climatecasechart.com/case/evans-v-federal-energy-regulatory-commission/,post-11559
https://climatecasechart.com/case/conservation-congress-v-us-forest-service-2/,post-11509
https://climatecasechart.com/case/delaware-riverkeeper-network-v-us-army-corps-of-engineers/,post-11340
https://climatecasechart.com/case/food-water-watch-v-federal-energy-regulatory-commission/,post-11324
https://climatecasechart.com/case/vecinos-para-el-bienestar-de-la-comunidad-costera-v-federal-energy-regulatory-commission-3/,post-11053
https://climatecasechart.com/case/missouri-v-us-department-of-the-interior-bureau-of-reclamation/,post-10919
https://climatecasechart.com/case/california-natural-resources-agency-v-ross/,post-10908
https://climatecasechart.com/case/center-for-community-action-environmental-justice-v-federal-aviation-administration/,post-10902
https://climatecasechart.com/case/vecinos-para-el-bienestar-de-la-comunidad-costera-v-federal-energy-regulatory-commission/,post-10899
https://climatecasechart.com/case/cook-inletkeeper-v-ross/,post-10755
https://climatecasechart.com/case/wildearth-guardians-v-bernhardt-6/,post-10596
https://climatecasechart.com/case/center-for-biological-diversity-v-us-bureau-of-land-management-2/,post-10590
https://climatecasechart.com/case/center-for-biological-diversity-v-us-army-corps-of-engineers-2/,post-10580
https://climatecasechart.com/case/columbia-riverkeeper-v-us-army-corps-of-engineers/,post-10454
https://climatecasechart.com/case/farm-sanctuary-v-us-department-of-agriculture/,post-10445
https://climatecasechart.com/case/hosemann-v-us-army-corps-of-engineers/,post-10439
https://climatecasechart.com/case/harrison-county-v-mississippi-river-commission/,post-10436
https://climatecasechart.com/case/klamath-siskiyou-wildlands-center-v-us-bureau-of-land-management/,post-10337
https://climatecasechart.com/case/montana-environmental-information-center-v-bernhardt/,post-10331
https://climatecasechart.com/case/center-for-biological-diversity-v-epa-8/,post-10325
https://climatecasechart.com/case/sound-rivers-inc-v-us-fish-wildlife-service/,post-10138
https://climatecasechart.com/case/protect-our-communities-foundation-v-us-department-of-agriculture/,post-10116
https://climatecasechart.com/case/oregon-natural-desert-association-v-hanley/,post-10003
https://climatecasechart.com/case/save-the-colorado-v-us-department-of-the-interior/,post-10000
https://climatecasechart.com/case/center-for-biological-diversity-v-bernhardt-8/,post-9997
https://climatecasechart.com/case/center-for-biological-diversity-v-us-bureau-of-land-management/,post-9980
https://climatecasechart.com/case/living-rivers-v-hoffman/,post-9824
https://climatecasechart.com/case/earth-island-institute-v-nash/,post-9818
https://climatecasechart.com/case/california-v-chao/,post-9662
https://climatecasechart.com/case/united-states-sugar-corp-v-semonite/,post-9616
https://climatecasechart.com/case/natural-resources-defense-council-v-mccarthy/,post-9613
https://climatecasechart.com/case/dine-citizens-against-ruining-the-environment-v-bernhardt/,post-9610
https://climatecasechart.com/case/center-for-biological-diversity-v-bernhardt-5/,post-9594
https://climatecasechart.com/case/wildearth-guardians-v-bernhardt-2/,post-9504
https://climatecasechart.com/case/center-for-biological-diversity-v-suazo/,post-9493
https://climatecasechart.com/case/wildearth-guardians-v-zinke-5/,post-9413
https://climatecasechart.com/case/western-watersheds-project-v-bernhardt/,post-9409
https://climatecasechart.com/case/wildearth-guardians-v-bernhardt/,post-9357
https://climatecasechart.com/case/rocky-mountain-wild-v-bernhardt/,post-9354
https://climatecasechart.com/case/center-for-biological-diversity-v-us-army-corps-of-engineers/,post-9351
https://climatecasechart.com/case/bark-v-us-forest-service/,post-9333
https://climatecasechart.com/case/northern-plains-resource-council-v-us-army-corps-of-engineers/,post-9330
https://climatecasechart.com/case/living-rivers-v-bernhardt/,post-9285
https://climatecasechart.com/case/institute-for-fisheries-resources-v-burwell/,post-9166
https://climatecasechart.com/case/save-the-scenic-santa-ritas-v-us-army-corps-of-engineers/,post-9044
https://climatecasechart.com/case/utah-physicians-for-a-healthy-environment-v-us-bureau-of-land-management/,post-9039
https://climatecasechart.com/case/north-carolina-wildlife-federation-v-north-carolina-department-of-transportation/,post-9027
https://climatecasechart.com/case/healthy-gulf-v-bernhardt/,post-8912
https://climatecasechart.com/case/center-for-biological-diversity-v-us-department-of-the-interior/,post-8906
https://climatecasechart.com/case/citizens-for-a-healthy-community-v-us-bureau-of-land-management/,post-8887
https://climatecasechart.com/case/350-montana-v-bernhardt/,post-8849
https://climatecasechart.com/case/vaughn-v-federal-aviation-administration/,post-8765
https://climatecasechart.com/case/save-the-colorado-v-semonite/,post-8753
https://climatecasechart.com/case/dakota-rural-action-v-us-department-of-agriculture/,post-8698
https://climatecasechart.com/case/resource-renewal-institute-v-national-park-service/,post-8599
https://climatecasechart.com/case/birckhead-v-federal-energy-regulatory-commission/,post-8458
https://climatecasechart.com/case/center-for-biological-diversity-v-zinke-3/,post-8397
https://climatecasechart.com/case/idaho-conservation-league-v-us-forest-service/,post-8319
https://climatecasechart.com/case/klamath-siskiyou-wildlands-center-v-grantham/,post-8162
https://climatecasechart.com/case/alliance-for-the-wild-rockies-v-pena/,post-8117
https://climatecasechart.com/case/palm-beach-county-environmental-coalition-v-florida/,post-8025
https://climatecasechart.com/case/sierra-club-v-us-department-of-agriculture-rural-utilities-service/,post-7987
https://climatecasechart.com/case/appalachian-voices-v-bodman/,post-7962
https://climatecasechart.com/case/montana-environmental-information-center-v-johanns/,post-7878
https://climatecasechart.com/case/general-land-office-of-state-of-texas-v-us-fish-and-wildlife-service/,post-7825
https://climatecasechart.com/case/rosebud-sioux-tribe-v-us-department-of-state/,post-7780
https://climatecasechart.com/case/california-v-zinke/,post-7770
https://climatecasechart.com/case/rocky-mountain-wild-v-zinke/,post-7766
https://climatecasechart.com/case/delaware-riverkeeper-network-v-federal-energy-regulatory-commission/,post-7752
https://climatecasechart.com/case/tongass-conservation-society-v-cole/,post-7622
https://climatecasechart.com/case/gulf-restoration-network-v-zinke/,post-7460
https://climatecasechart.com/case/otsego-2000-v-federal-energy-regulatory-commission/,post-7423
https://climatecasechart.com/case/western-watersheds-project-v-zinke/,post-7086
https://climatecasechart.com/case/conservation-congress-v-us-forest-service/,post-7032
https://climatecasechart.com/case/wildearth-guardians-v-us-bureau-of-land-management/,post-6903
https://climatecasechart.com/case/wilderness-workshop-v-us-bureau-of-land-management/,post-6866
https://climatecasechart.com/case/appalachian-voices-v-federal-energy-regulatory-commission-2/,post-6746
https://climatecasechart.com/case/martin-county-florida-v-us-department-transportation/,post-6603
https://climatecasechart.com/case/natural-resources-defense-council-inc-v-zinke/,post-6553
https://climatecasechart.com/case/northern-alaska-environmental-center-v-us-department-interior/,post-6548
https://climatecasechart.com/case/town-weymouth-v-federal-energy-regulatory-commission/,post-6540
https://climatecasechart.com/case/enervest-ltd-v-jewell/,post-6516
https://climatecasechart.com/case/appalachian-voices-v-federal-energy-regulatory-commission/,post-6348
https://climatecasechart.com/case/california-v-us-bureau-land-management-3/,post-6319
https://climatecasechart.com/case/norwalk-harbor-keeper-v-us-department-transportation/,post-6301
https://climatecasechart.com/case/atchafalaya-basinkeeper-v-us-army-corps-engineers/,post-6238
https://climatecasechart.com/case/delaware-riverkeeper-network-v-us-army-corps-engineers/,post-6228
https://climatecasechart.com/case/high-country-conservation-advocates-v-us-forest-service/,post-6209
https://climatecasechart.com/case/california-v-us-bureau-land-management-2/,post-6202
https://climatecasechart.com/case/colorado-river-indian-tribes-v-department-of-interior/,post-4696
https://climatecasechart.com/case/center-for-biological-diversity-v-kempthorne-2/,post-4679
https://climatecasechart.com/case/international-center-for-technology-assessment-v-council-on-environmental-quality/,post-841
https://climatecasechart.com/case/shell-gulf-of-mexico-inc-v-center-for-biological-diversity/,post-3379
https://climatecasechart.com/case/kane-county-utah-v-jewell/,post-4312
https://climatecasechart.com/case/western-organization-of-resource-councils-v-us-bureau-of-land-management/,post-4252
https://climatecasechart.com/case/oregon-wild-v-connaughton/,post-3835
https://climatecasechart.com/case/sierra-club-v-federal-energy-regulatory-commission-3/,post-3744
https://climatecasechart.com/case/sierra-club-v-united-states-department-of-energy-2/,post-3727
https://climatecasechart.com/case/sierra-club-v-united-states-department-of-energy/,post-3724
https://climatecasechart.com/case/wildearth-guardians-v-united-states-forest-service/,post-1161
https://climatecasechart.com/case/alaska-wilderness-league-v-jewell/,post-3295
https://climatecasechart.com/case/national-wildlife-federation-v-us-army-corps-of-engineers/,post-3291
https://climatecasechart.com/case/pacificans-for-a-scenic-coast-v-federal-highway-administration/,post-3286
https://climatecasechart.com/case/wildearth-guardians-v-jewell-2/,post-3272
https://climatecasechart.com/case/western-watersheds-project-v-usfs/,post-1062
https://climatecasechart.com/case/amigos-bravos-v-united-states-bureau-of-land-management/,post-2082
https://climatecasechart.com/case/nrdc-v-us-state-dept/,post-1045
https://climatecasechart.com/case/sierra-club-v-us-dept-of-state/,post-1043
https://climatecasechart.com/case/sierra-club-v-us-department-of-interior/,post-3220
https://climatecasechart.com/case/montana-environmental-information-center-v-blm/,post-3217
https://climatecasechart.com/case/kentucky-coal-association-inc-v-tennessee-valley-authority/,post-3178
https://climatecasechart.com/case/hapner-v-tidwell/,post-3085
https://climatecasechart.com/case/ranchers-cattlemen-action-legal-fund-v-united-states-department-of-agriculture/,post-3062
https://climatecasechart.com/case/senville-v-peters/,post-3052
https://climatecasechart.com/case/wildearth-guardians-v-jewell/,post-2976
https://climatecasechart.com/case/sierra-club-v-department-of-energy/,post-2391
https://climatecasechart.com/case/sierra-club-v-federal-energy-regulatory-commission-2/,post-2340
https://climatecasechart.com/case/sierra-club-v-federal-energy-regulatory-commission/,post-2339
https://climatecasechart.com/case/sierra-club-v-ferc/,post-1537
https://climatecasechart.com/case/western-org-of-resource-councils-v-jewell/,post-1511
https://climatecasechart.com/case/todays-iv-inc-v-federal-transit-administration-2/,post-1499
https://climatecasechart.com/case/dine-citizens-against-ruining-our-environment-v-bureau-of-indian-affairs/,post-1473
https://climatecasechart.com/case/kunaknan-v-united-states-army-corps-of-engineers/,post-1469
https://climatecasechart.com/case/friends-of-the-wildswan-v-jewell/,post-1423
https://climatecasechart.com/case/reese-river-citizens-against-fracking-v-beureau-of-land-management/,post-1418
https://climatecasechart.com/case/wildearth-guardians-v-bureau-of-land-management/,post-1385
https://climatecasechart.com/case/protect-our-communities-foundation-v-jewell/,post-1376
https://climatecasechart.com/case/native-vill-of-point-hope-v-jewell/,post-1373
https://climatecasechart.com/case/alliance-for-wild-rockies-v-brazell/,post-1359
https://climatecasechart.com/case/southern-utah-wilderness-alliance-v-burke/,post-1333
https://climatecasechart.com/case/san-juan-citizens-alliance-v-united-states-bureau-of-land-management/,post-1313
https://climatecasechart.com/case/wildearth-guardians-v-osmre/,post-1296
https://climatecasechart.com/case/idaho-rivers-united-v-probert/,post-1270
https://climatecasechart.com/case/wildearth-guardians-v-united-states-bureau-of-land-management/,post-1248
https://climatecasechart.com/case/national-wildlife-federation-v-national-marine-fisheries-service/,post-1240
https://climatecasechart.com/case/league-of-wilderness-defendersblue-mountains-biodiversity-project-v-connaughton/,post-1230
https://climatecasechart.com/case/chesapeake-climate-action-network-v-ex-im-bank-of-the-us/,post-1223
https://climatecasechart.com/case/coal-for-the-advancement-of-regl-transp-v-fhwa/,post-1218
https://climatecasechart.com/case/high-country-conservation-advocates-v-us-forest-serv/,post-1207
https://climatecasechart.com/case/sierra-club-iowa-chapter-v-lahood/,post-1203
https://climatecasechart.com/case/san-diego-navy-broadway-complex-coal-v-dept-of-defense/,post-1191
https://climatecasechart.com/case/coalition-for-a-sustainable-520-v-us-dept-of-transp/,post-1189
https://climatecasechart.com/case/black-mesa-water-coalition-v-salazar/,post-1185
https://climatecasechart.com/case/dine-citizens-against-ruining-our-env-v-osmre/,post-1181
https://climatecasechart.com/case/northern-plains-resource-council-v-stb/,post-1169
https://climatecasechart.com/case/ctr-for-biological-diversity-v-blm/,post-1166
https://climatecasechart.com/case/save-strawberry-canyon-v-us-dept-of-energy/,post-1152
https://climatecasechart.com/case/center-for-bio-diversity-v-us-state/,post-1149
https://climatecasechart.com/case/barnes-v-dept-of-transportation/,post-1146
https://climatecasechart.com/case/earth-island-institute-v-gibson/,post-1117
https://climatecasechart.com/case/town-of-babylon-v-fed-housing-finance-agency/,post-1114
https://climatecasechart.com/case/hillsdale-envtl-loss-prevention-inc-v-us/,post-1111
https://climatecasechart.com/case/league-of-wilderness-defenders-v-martin/,post-1108
https://climatecasechart.com/case/wildearth-guardians-v-salazar-2/,post-1104
https://climatecasechart.com/case/western-watersheds-project-v-blm/,post-1099
https://climatecasechart.com/case/mont-envtl-info-center-v-blm/,post-1096
https://climatecasechart.com/case/s-utah-wilderness-alliance-v-interior-dept/,post-1089
https://climatecasechart.com/case/wildearth-guardians-v-salazar/,post-1087
https://climatecasechart.com/case/shenandoah-valley-network-v-capka/,post-1077
https://climatecasechart.com/case/sierra-club-v-fhwa/,post-1072
https://climatecasechart.com/case/nc-alliance-for-trans-reform-v-us-dept-of-transp/,post-1069
https://climatecasechart.com/case/nrdc-v-blm/,post-1065
https://climatecasechart.com/case/nrdc-v-us-army-corps-of-engineers/,post-1059
https://climatecasechart.com/case/conservation-northwest-v-rey/,post-1048
https://climatecasechart.com/case/north-slope-borough-v-minerals-mgmt/,post-1036
https://climatecasechart.com/case/western-watersheds-project-v-salazar/,post-1032
https://climatecasechart.com/case/wildearth-guardians-v-us-forest-serv/,post-1025
https://climatecasechart.com/case/center-for-biological-diversity-v-dept-of-interior/,post-1009
https://climatecasechart.com/case/center-for-bio-diversity-v-nhtsa/,post-1005
https://climatecasechart.com/case/audubon-v-department-of-transportation/,post-1001
https://climatecasechart.com/case/izaak-walton-league-of-america-v-kimbell/,post-997
https://climatecasechart.com/case/mayo-found-v-surface-transportation-board/,post-993
https://climatecasechart.com/case/nw-envtl-advocates-v-natl-marine-fisheries-serv/,post-984
https://climatecasechart.com/case/national-audubon-society-v-kempthorne/,post-981
https://climatecasechart.com/case/friends-of-the-earth-v-watson/,post-977
https://climatecasechart.com/case/mid-states-coalition-for-progress-v-surface-transportation-board/,post-971
https://climatecasechart.com/case/border-power-plant-working-group-v-dept-of-energy/,post-968
https://climatecasechart.com/case/apac-inc-v-bonneville-power-adm/,post-962
https://climatecasechart.com/case/found-on-econ-trends-v-watkins/,post-956
https://climatecasechart.com/case/city-of-los-angeles-v-nhtsa/,post-953
